Name*,UOM*,Product Category Name,Product Type,Sale Price,Cost Price,Arabic Name,Active
Tredos Kashkaval 1x2.8KG,EA,Raw Materials,Item,0.1,66.66,,Yes
Cowland Unsalted Butter Spread 82%,Each,Raw Materials,Item,0.1,360,,Yes
Barilla Penne Rigate 12x500gm,EA,Raw Materials,Item,0.1,100,,Yes
Barilla Spaghetti (No.5),EA,Raw Materials,Item,0.1,150,,Yes
Supply & Installation of Interfacing for Fire Alarm System and Supply of Gas Shut-Off Valve,Each,Maintenance,Item,0.1,2860,,Yes
Daily Dish 1,EA,Daily Dish,Item,55,20,????? ??????,Yes
Daily Dish 2,EA,Daily Dish,Item,50,12,,Yes
Daily dish M.S.,EA,Daily Dish,Item,40,18,,Yes
Garbage Bag - 90*110 (12KG),EA,Raw Materials,Item,0.1,48,,Yes
Maxi 135Mtr 6 pcs,EA,Raw Materials,Item,0.1,42,,Yes
Toilet Roll 10pcs,EA,Raw Materials,Item,0.1,9,,Yes
Tissue Box - 30pcs,EA,Raw Materials,Item,0.1,48,,Yes
RP Kraft Salad Bowl - 75o ML 300pcs,EA,Raw Materials,Item,0.1,150,,Yes
Hair Net Black 1000pcs,EA,Raw Materials,Item,0.1,38,,Yes
Paper Bag 30x25x15 Brown,EA,Raw Materials,Item,0.1,135,,Yes
Paper Bag 35x35x20 Brown,EA,Raw Materials,Item,0.1,165,,Yes
HD Spoon Black 1000pcs,EA,Raw Materials,Item,0.1,50,,Yes
Black Garbage Bag 120x140,EA,Raw Materials,Item,0.1,55,,Yes
Clorex 4x4ltr,EA,Raw Materials,Item,0.1,36,,Yes
RP Plastic Container Round 250 ml 500pcs,EA,Raw Materials,Item,0.1,77,,Yes
Nylon Foil,EA,Raw Materials,Item,0.1,28,,Yes
Aluminum Plate 6586 - 100pcs,EA,Raw Materials,Item,0.1,48,,Yes
Vinyl Gloves Medium 10pcs,EA,Raw Materials,Item,0.1,51,,Yes
White Plastic bag 20pkt,EA,Raw Materials,Item,0.1,35,,Yes
Aluminum Pot 175 * 100 pcs per ctn Big size,EA,Daily Dish,Item,0.1,225,,Yes
Aluminum Pot 173 * 50 pcs per ctn small size,EA,Raw Materials,Item,0.1,105,,Yes
Aluminum Container - 73365 1x100,EA,Raw Materials,Item,0.1,104,,Yes
Aluminum Container - 83185 1x400,EA,Raw Materials,Item,0.1,162,,Yes
Aluminum Platter 6586,EA,Raw Materials,Item,0.1,40,,Yes
Aluminum Foil - 6pcs (1.5kg),EA,Raw Materials,Item,0.1,126,,Yes
Aluminum Container - 1120 (400pcs),EA,Raw Materials,Item,0.1,89,,Yes
Plastic Rectangular Container 1500 - 300pcs,EA,Raw Materials,Item,0.1,172,,Yes
Plastic Bowl 4OZ - 2000pcs,EA,Raw Materials,Item,0.1,149,,Yes
M | W Plastic Container 250ml (500pcs),EA,Raw Materials,Item,0.1,63,,Yes
Handy Fuel 72 pcs / Ctn,EA,Raw Materials,Item,0.1,97,,Yes
Q Paper Napkins 33x33cm - CTN,EA,Raw Materials,Item,0.1,61,,Yes
Wooden coffee Stirrer Paper Wrapped-14cm - CTN,EA,Raw Materials,Item,0.1,123,,Yes
Paper Cup Double Wall 1000 pcs with lid,EA,Raw Materials,Item,0.1,245,,Yes
Paper Cup Double Wall 500pcs,EA,Raw Materials,Item,0.1,100,,Yes
Cling Film - 2kg,EA,Raw Materials,Item,0.1,35,,Yes
Maxi Roll - 6pcs,EA,Raw Materials,Item,0.1,18,,Yes
Yellow Bag Small - 20KG,EA,Raw Materials,Item,0.1,129,,Yes
Yellow Bag Medium - 20KG,EA,Raw Materials,Item,0.1,129,,Yes
Shopping Bag Medium,EA,Raw Materials,Item,0.1,33,,Yes
Shopping Bag Small,EA,Raw Materials,Item,0.1,18,,Yes
Kraft Salad Bowl 750ML - CTN,EA,Raw Materials,Item,0.1,158,,Yes
Salad Bowl - 500ml,EA,Raw Materials,Item,0.1,125,,Yes
Baking Sheet 500pcs,EA,Raw Materials,Item,0.1,66,,Yes
Container w/Hinged Lid 250ML /8OZ 500Pcs,EA,Raw Materials,Item,0.1,97,,Yes
Clear Hinged Container 375ML / 12OZ - 600 Pcs,EA,Raw Materials,Item,0.1,109,,Yes
Black Rect Container RE 32 Pack On 150pcs/ctn,EA,Raw Materials,Item,0.1,63,,Yes
Black Round Container - RO16,EA,Raw Materials,Item,0.1,43,,Yes
Black Base Container 1 Compartment,EA,Raw Materials,Item,0.1,77,,Yes
Dish Washing Liquid 20ltr 5x4,EA,Raw Materials,Item,0.1,33,,Yes
Glass Cleaner,EA,Daily Dish,Item,0.1,33,,Yes
Floor Cleaner 5Ltrx4,EA,Raw Materials,Item,0.1,33,,Yes
Cutlery Pack 500 pcs,EA,Raw Materials,Item,0.1,72,,Yes
PE Arm Sleeve 2000/Ctn,EA,Raw Materials,Item,0.1,127,,Yes
Hand Soap 5 ltr x 4,EA,Raw Materials,Item,0.1,33,,Yes
Cling Film 6pcs,EA,Raw Materials,Item,0.1,77,,Yes
Qnited Portion Cup Clear 4OZ 1000pcs,EA,Raw Materials,Item,0.1,75,,Yes
QNited Paper Bag 31x36x18 200pcs,EA,Raw Materials,Item,0.1,140,,Yes
Qnited Paper Bag 27x32x16 200pcs,EA,Raw Materials,Item,0.1,120,,Yes
Qnited Paper BAg 22x14x21 200 Pcs,EA,Raw Materials,Item,0.1,80,,Yes
Qnited Kraft Salad Bowl 500ML - 300 pcs/CTN,EA,Raw Materials,Item,0.1,130,,Yes
Qnited Black Container RE32 - 150pcs/Ctn,EA,Raw Materials,Item,0.1,67,,Yes
Qnited 1 Compartement 250pcs/Ctn,EA,Raw Materials,Item,0.1,90,,Yes
Qnited Hinged Clear Container Small Size 300pcs/CTN,EA,Raw Materials,Item,0.1,45,,Yes
Qnited Aluminum Container - 1120 (400pcs),EA,Raw Materials,Item,0.1,90,,Yes
Qnited White Plastic Bag 5Kgs,EA,Raw Materials,Item,0.1,36,,Yes
Qnited Plastic Blue Bag 5Kgs,EA,Raw Materials,Item,0.1,36,,Yes
Wet wipes 7*11cm -1000p,EA,Raw Materials,Item,0.1,89,,Yes
M/W Rectangular Cont w/Lid 1000ML - 500pcs,EA,Raw Materials,Item,0.1,155,,Yes
Black Base 2 compartement RE 2/32 - 150pcs/Ctn,EA,Raw Materials,Item,0.1,103,,Yes
Vinyl Gloves large 10pkts,EA,Raw Materials,Item,0.1,45,,Yes
Black portion cup 2 OZ with lid 2000pcs,EA,Raw Materials,Item,0.1,95,,Yes
Aluminum Tray Oval Shape Large 100pcs,EA,Raw Materials,Item,0.1,50,,Yes
Qnited Cling Film Jumbo 6 Kgs Import Quality,EA,Raw Materials,Item,0.1,37,,Yes
Latex Gloves XL,EA,Raw Materials,Item,0.1,45,,Yes
Yellow Cheddar Slice 1x2.27KG,EA,Raw Materials,Item,0.1,122.5,,Yes
Benina - Parmesan Grana Moravia Cheese 5 Kg,EA,Raw Materials,Item,0.1,250,,Yes
Dodoni - Feta Cheese 200 GRS,EA,Raw Materials,Item,0.1,14.5,,Yes
Dodoni - Feta Goat Cheese 200 GRS,EA,Raw Materials,Item,0.1,14,,Yes
Philadelphia Cream Cheese 6.6KG,EA,Raw Materials,Item,0.1,219,,Yes
Coombe Castle - Dragon Mild White Cheddar,KG,Raw Materials,Item,0.1,23,,Yes
White Cheddar Slice 1x2.27KG,EA,Raw Materials,Item,0.1,122.5,,Yes
Talmera - Monterey Jack Block Cheese,KG,Raw Materials,Item,0.1,34,,Yes
Lexquis- Emmental Block,EA,Raw Materials,Item,0.1,35.72,,Yes
Mission - Tort Wheat 15 A 8x15 171c Original - 200g,EA,Raw Materials,Item,0.1,5,,Yes
Talmera - 120 Slice American Cheese Colored SSI - 2.27Kg,EA,Raw Materials,Item,0.1,56.75,,Yes
Talmera - 160 Slice American Cheese Colored - 2.27Kg,EA,Raw Materials,Item,0.1,56.75,,Yes
Pure Ghee 1kg,EA,Raw Materials,Item,0.1,37,,Yes
Unsalted Butter 82% Beurre Doux 10x1Kg - France,EA,Raw Materials,Item,0.1,495,,Yes
Talmera Cheddar Block - Mild White 2.27,EA,Raw Materials,Item,0.1,77.18,,Yes
FH Parmesan Block 33.16Kg,EA,Raw Materials,Item,0.1,1758,,Yes
Maamoul Dates,EA,Sweets,Item,140,35,????? ??????,Yes
LAKELAND - MILLAC WHIP TOPPING UNSWEETENED (12X1L),EA,Raw Materials,Item,0.1,189,,Yes
GRANORO PENNE RIGATE 24X500G (1026),EA,Raw Materials,Item,0.1,129.6,,Yes
"GRANORO DEDICATO ""NIDI FETTUCCINE"" 12X500G (48082)",EA,Raw Materials,Item,0.1,90,,Yes
GRANORO - SPIRALI GRANDI 24X500G (10100),EA,Daily Dish,Item,0.1,141.6,,Yes
ALKARAMAH - SPRING ROLLS SMALL{24X160G},EA,Raw Materials,Item,0.1,78,,Yes
Maamoul Jozz,EA,Sweets,Item,150,35,,Yes
Alpro Almond Barista 8x1Ltr,EA,Raw Materials,Item,0.1,108,,Yes
Topside Frozen Brazil,EA,Raw Materials,Item,0.1,24,,Yes
Beef Slice Alwahid 20x900g,EA,Raw Materials,Item,0.1,309,,Yes
Frozen Beef Tenderloin Brazil,EA,Raw Materials,Item,0.1,41,,Yes
Karan - Black Angus Beef Chilled Eyeround,EA,Raw Materials,Item,0.1,30,,Yes
Chilled Beef Tenderlion,KG,Raw Materials,Item,0.1,32,,Yes
Tenderloin,EA,Raw Materials,Item,0.1,51,,Yes
Chilled Striploin Brazil,EA,Raw Materials,Item,0.1,34,,Yes
Frozen Striploin Brazil,EA,Raw Materials,Item,0.1,35,,Yes
Frozen Tenderloin Brazil,EA,Raw Materials,Item,0.1,51,,Yes
Topside Chilled South Africa,KG,Raw Materials,Item,0.1,24,,Yes
Eye Round Chilled South African,EA,Raw Materials,Item,0.1,32,,Yes
QK-South African Chilled Beef Knuckle,EA,Raw Materials,Item,0.1,32,,Yes
Chilled BR Beef Topside BL JBS,EA,Raw Materials,Item,0.1,29,,Yes
Hogget Mutton Whole,EA,Raw Materials,Item,0.1,37,,Yes
Delta Top Side Meat,KG,Raw Materials,Item,0,24,,Yes
Alpro Coconut Barista 12x1Ltr,EA,Raw Materials,Item,0.1,155,,Yes
Maamoul Pistachio,EA,Sweets,Item,160,45,????? ???????,Yes
Frozen Whole Chicken 1100gms - Brazil,EA,Raw Materials,Item,0.1,8.8,,Yes
Pena branca 1500gms  whole chicken,EA,Raw Materials,Item,0.1,88,,Yes
Chicken Shawarma Diplomata 4x2.5Kg,EA,Raw Materials,Item,0.1,105,,Yes
Chicken Strips Regular 6x1KG,EA,Raw Materials,Item,0.1,140,,Yes
Frozen Chicken 1200 Gm Brazil,EA,Raw Materials,Item,0.1,11.4,,Yes
Sadia Breast Box,EA,Raw Materials,Item,0.1,130,,Yes
Sadia Chicken Shawarma - ctn,EA,Raw Materials,Item,0.1,100,,Yes
Sadia Hot Dog small size 20x340gr,EA,Raw Materials,Item,0.1,74,,Yes
Sadia Whole legs 10.8 Kg,EA,Raw Materials,Item,0.1,135,,Yes
Sadia Whole Chicken 1100 Gms - 10 Pcs/Ctn,EA,Raw Materials,Item,0.1,99,,Yes
Sadia Whole Chicken 1200 Gms - 10 Pcs/Ctn,EA,Raw Materials,Item,0.1,105,,Yes
Tanmiah Plain Chicken Breast 6 OZ - Calibrated 5*2Kg,EA,Raw Materials,Item,0.1,180,,Yes
Chicken Breast Aurora 2kgx6,EA,Daily Dish,Item,0.1,165,,Yes
Zeeba Rice 3 kgs x12,EA,Raw Materials,Item,0.1,144,,Yes
Aoun Egyptian Rice 5 Kgs,EA,Raw Materials,Item,0.1,27.9,,Yes
LEBANON 5283000909763 AOUN PARBOILED RICE 2KG,EA,Raw Materials,Item,0.1,14.4,,Yes
Sun White Rice 20Kg,EA,Raw Materials,Item,0.1,128,,Yes
Sona Masoori Rice 35 Kg,EA,Raw Materials,Item,0.01,82,,Yes
Mashhor Indian 1121 Long Grain Basmati Rice 1x35kg,EA,Raw Materials,Item,0.1,140,,Yes
Chana Dal 5 Kgs,EA,Raw Materials,Item,0.01,21.5,,Yes
Masoor Dal 15Kg,EA,Raw Materials,Item,0.1,58,,Yes
Salt 25Kgs,EA,Raw Materials,Item,0.1,15,,Yes
Salt Bags 20 KGS,EA,Raw Materials,Item,0.01,16,,Yes
AOUN SODIUM BICARBONATE,EA,Raw Materials,Item,0.1,3.6,,Yes
Aoun White Pepper Powder 500GR,EA,Raw Materials,Item,0.1,41.8,,Yes
Aoun Cinnamon Powder 500GR,EA,Raw Materials,Item,0.1,14.5,,Yes
Aoun Corriander Powder 500GR,EA,Raw Materials,Item,0.1,11.64,,Yes
Aoun Cumin Powder 500GR,EA,Raw Materials,Item,0.1,22.53,,Yes
Aoun Red Round Beans 900GR,EA,Raw Materials,Item,0.1,13,,Yes
Aoun White Kidney Beans 900GR,EA,Raw Materials,Item,0.1,10.79,,Yes
AOUN RED LENTILS 900GR,EA,Raw Materials,Item,0.1,9.5,,Yes
Aoun Moghrabiya 900 GR,EA,Raw Materials,Item,0.1,9.6,,Yes
AOUN BLACK PEPPER POWDER 500GR,EA,Raw Materials,Item,0.1,27.5,,Yes
Aoun Lime,EA,Raw Materials,Item,0.1,10.2,,Yes
Aoun Garlic Powder 500GR 1x12,EA,Raw Materials,Item,0.1,15.91,,Yes
Aoun Green Lentils 900 Gr 1x20,EA,Raw Materials,Item,0.1,9.5,,Yes
Aoun 7 Spices 500 GR,EA,Raw Materials,Item,0.1,27.08,,Yes
Aoun Sumac Powder 500 GR,EA,Raw Materials,Item,0.1,25.89,,Yes
Aoun All Spices Powder 500GR,EA,Raw Materials,Item,0.1,35.63,,Yes
AOUN BROWN BURGHUL FINE 4KG,EA,Raw Materials,Item,0.1,20,,Yes
"AOUN WHITE BURGHUL FINE 	4kg",EA,Raw Materials,Item,0.1,23,,Yes
SHP Cinnamon Stick,EA,Raw Materials,Item,0.1,85,,Yes
SHP- Gourmet Foods White Onion Powder,EA,Raw Materials,Item,0.1,14.45,,Yes
Corn Flour Bag 25KG,EA,Raw Materials,Item,0.1,90,,Yes
Chicken Stock Powder 2 Kg,EA,Raw Materials,Item,0.1,33.33,,Yes
QFM Flour No1 Bag 50 Kg,EA,Raw Materials,Item,0.1,145,,Yes
Al Anabi- Vermicelli 24x400G,EA,Raw Materials,Item,0.1,79.2,,Yes
Sugar Renuka 50Kgs,EA,Raw Materials,Item,0.1,108,,Yes
Beef Stock Powder 2 Kg,EA,Raw Materials,Item,0.1,33.33,,Yes
AOUN WHITE BURGHUL HARD 900Gr,EA,Raw Materials,Item,0.1,5.52,,Yes
Almond Slice 1 Kg,EA,Raw Materials,Item,0.1,45,,Yes
Wallnut 1 Kg,EA,Raw Materials,Item,0.1,35,,Yes
Milk Powder - SLG 25 Kgs,EA,Raw Materials,Item,0.1,290,,Yes
MAGGI VEGETABLES STOCK (6X1KG) XA FFQ,EA,Raw Materials,Item,0.1,222,,Yes
MAGGI - CHICKEN BOUILLON POWDER (6X1KG),EA,Raw Materials,Item,0.1,186,,Yes
MAGGI BEEF BOUILLON 24(24X18G)N1 XA,EA,Raw Materials,Item,0.1,576,,Yes
Daily Dish Full Set,EA,Daily Dish,Item,65,0.01,????? ??????,Yes
Iftar Box Small,Each,Daily Dish,Item,18,0.1,,Yes
Catering,Each,Events,Item,100,0.1,,Yes
Mini Zaatar,Each,Appetizers,Item,35,0.1,,Yes
Cheese Fatayer,Each,Appetizers,Item,40,0.1,,Yes
Mini Pizza,Each,Appetizers,Item,40,0.1,,Yes
Mini Kishk,Each,Appetizers,Item,42,0.1,,Yes
Fatayer Bakleh,Each,Appetizers,Item,40,0.1,,Yes
Fatayer Spinach,Each,Appetizers,Item,35,0.1,,Yes
Puff Pastry Hot Dog,Each,Appetizers,Item,60,0.1,,Yes
Sfiha Lahme,Each,Appetizers,Item,40,0.1,,Yes
Mini Falafel,Each,Appetizers,Item,50,0.1,,Yes
Mini Mushroom Quiche,Each,Appetizers,Item,120,0.1,,Yes
Maamoul Mix,EA,Sweets,Item,160,35,,Yes
Delivery Charge,EA,Extras,Item,20,0.1,,Yes
Pumpkin Kebbeh 1 Dozen,EA,Hot Mezze,Item,40,0.1,,Yes
Warak 3inab Veg,EA,Main Dish,Item,130,0.1,,Yes
Kebbeh Bil Sayniye,EA,Main Dish,Item,120,0.1,,Yes
Kafta with Potato,EA,Main Dish,Item,200,0.1,,Yes
Koussa Mehchi,Hour,Main Dish,Item,200,0.1,,Yes
Cheese Rolls 12 pcs,EA,Hot Mezze,Item,35,0.1,,Yes
Ba2dounis,EA,Salads,Item,50,0.1,,Yes
Warak 3inab Meat,EA,Main Dish,Item,350,0.1,,Yes
Msakhan Chicken,Dozen,Hot Mezze,Item,40,0.1,,Yes
Main Dish 1 Portion,EA,Daily Dish,Item,200,0.1,,Yes
Main Dish Half Portion,EA,Daily Dish,Item,130,0.1,,Yes
Roast Beef Mashed Potato Veg,EA,Main Dish,Item,250,0.1,,Yes
Spring Rolls,Dozen,Appetizers,Item,40,0.1,,Yes
roast beef and veg,EA,Main Dish,Item,280,0.1,,Yes
Raheb Salad,EA,Salads,Item,70,0.1,,Yes
Hindbeh,EA,Cold Mezze,Item,100,0.1,,Yes
Mehchi Silik,EA,Cold Mezze,Item,130,0.1,,Yes
Meghli,Each,Sweets,Item,20,0.1,,Yes
Tuna Sandwich,Dozen,Appetizers,Item,72,0.1,,Yes
Chicken Sandwich,Dozen,Appetizers,Item,72,0.1,,Yes
Halloumi Sandwich,Dozen,Appetizers,Item,72,0.1,,Yes
Turkey Sandwich,Dozen,Appetizers,Item,72,0.1,,Yes
Boiled Eggs Sandwich,Dozen,Appetizers,Item,72,0.1,,Yes
Hotdog,Dozen,Appetizers,Item,35,0.1,,Yes
Mini Burger Beef,EA,Appetizers,Item,72,0.1,,Yes
Mini Burger Chicken,EA,Appetizers,Item,72,0.1,,Yes
Custom Cake,Each,Sweets,Item,350,0.1,,Yes
Potato Soufle,Each,Main Dish,Item,150,0.1,,Yes
Roast Beef Mini Sandwish 12pcs,EA,Sandwiches,Item,72,0.5,,Yes
Asian Daily Dish,EA,Daily Dish,Item,12,0.1,,Yes
Big Bread,Each,Sweets,Item,10,0.1,,Yes
Siyyadiyeh,Each,Main Dish,Item,300,0.1,,Yes
Roast Beef,Each,Main Dish,Item,220,0.1,,Yes
Kharouf Mehchi,Each,Main Dish,Item,320,0.1,,Yes
Chicken Supreme,Each,Main Dish,Item,260,0.1,,Yes
funderdome cake,EA,Daily Dish,Item,7996,7996,,Yes
Snayniye,Each,Sweets,Item,20,0.1,,Yes
Rice with Meat,Each,Main Dish,Item,300,0.1,,Yes
Chicken Caju with Nuts,Each,Main Dish,Item,260,0.1,,Yes
Shrimps Spring Rolls ,Dozen,Appetizers,Item,45,0.1,,Yes
Chicken With Rice,EA,Main Dish,Item,180,0.1,,Yes
Vegetable Plate,Each,Appetizers,Item,120,0.1,,Yes
Pumpkin Kebbeh,Each,Main Dish,Item,100,0.1,,Yes
Zaatar,EA,Hot Mezze,Item,35,20,,Yes
Fawarigh,EA,Appetizers,Item,160,100,,Yes
croissant Turkey,EA,Appetizers,Item,120,,,Yes
Croissant Zaator,EA,Appetizers,Item,96,,,Yes
Croissant Chocolate,EA,Appetizers,Item,96,,,Yes
Spniach Pie,EA,Appetizers,Item,120,,,Yes
Mushroom Pie,EA,Appetizers,Item,130,0.1,,Yes
Eggs Cheese,EA,Appetizers,Item,120,,,Yes
croissant halloumi,EA,Appetizers,Item,120,,,Yes
Tuna puff pastry,EA,Appetizers,Item,96,,,Yes
Tahini,EA,Appetizers,Item,60,,,Yes
Bakleh Salad,EA,Salads,Item,120,,,Yes
Chich Barak 80 Pcs,EA,Sandwiches,Item,100,0.1,,Yes
Steak Veg,EA,Appetizers,Item,320,,,Yes
Tacos Plate,EA,Appetizers,Item,180,,,Yes
Pilaf Rice,EA,Appetizers,Item,170,,,Yes
Lazy Cake,EA,Appetizers,Item,100,,,Yes
EggPlant,EA,Appetizers,Item,180,,,Yes
Machewi Mix,EA,Appetizers,Item,185,,,Yes
Kebbeh 6 pcs,EA,Hot Mezze,Item,24,,,Yes
Caterart Fetta Salad,Each,Salads,Item,220,0.1,,Yes
Shrimp Provencial,Each,Main Dish,Item,160,0.1,,Yes
Gigot with Vegetables,Each,Main Dish,Item,500,0.1,,Yes
Lazagna,Each,Main Dish,Item,120,0.1,,Yes
Spinach Pie,Each,Main Dish,Item,120,0.1,,Yes
Sawarma Chicken 12 Pcs,Each,Main Dish,Item,48,0.1,,Yes
Mini Shawarma Meat ,Dozen,Main Dish,Item,48,0.1,,Yes
Fattet Batenjen,Each,Cold Mezze,Item,100,0.1,,Yes
Fajita Chicken,Each,Sandwiches,Item,14,0.1,,Yes
Fajita Shrimp,Each,Sandwiches,Item,16,0.1,,Yes
Samkeh Harra,Each,Main Dish,Item,300,0.1,,Yes
Crab Salad,EA,Salads,Item,200,0.1,,Yes
Chicken Strips,EA,Hot Mezze,Item,160,0.1,,Yes
Blue Cheese Salad,EA,Salads,Item,200,0.1,,Yes
Mix Grill Platter,Each,From the Grill,Item,185,0.1,,Yes
Funderdome Cakes,Each,Events,Item,5250,0.1,,Yes
Caboodle ,Each,Events,Item,4340,0.1,,Yes
Miscellaneous,Each,Events,Item,6461,0.1,,Yes
Daily Record,Each,Daily Dish,Item,0.1,0.1,,Yes
Chiken potato,EA,Hot Mezze,Item,150,0.1,,Yes
Chicken Potato,EA,Appetizers,Item,150,0.1,,Yes
Tarator,Each,Cold Mezze,Item,90,0.1,,Yes
Sweet potato,Each,Appetizers,Item,120,0.1, ,Yes
Creamy pasta shrimp,Each,Main Dish,Item,200,0.1, ,Yes
Chicken spinach,Each,Main Dish,Item,180,0.1, ,Yes
Bruchetta,Each,Appetizers,Item,30,0.1, ,Yes
Chicken Nouille,Each,Main Dish,Item,160,0.1,,Yes
chicken Escalope ,Each,Raw Items,Item,8,0.1,,Yes
Chicken Burger,Each,Raw Items,Item,10,0.1,,Yes
Beef Burger,Each,Raw Items,Item,10,0.1,,Yes
Philadelphia,Each,Main Dish,Item,14,0.1,,Yes
Kharouf Mechi Warak 3inab,Each,Main Dish,Item,650,0.1,,Yes
Eggplant wiht Cheese,Each,Main Dish,Item,130,0.1,,Yes
Chicken Wings,Each,Main Dish,Item,100,0.1,,Yes
Strawberry Salad,Each,Salads,Item,220,0.1,,Yes
Chicken Quinoa Salad,Each,Salads,Item,220,0.1,,Yes
Pasta Alfredo,Each,Main Dish,Item,220,0.1,,Yes
Avocado Sauce ,Each,Extras,Item,30,0.1, ,Yes
Chips ,Each,Extras,Item,25,0.1, ,Yes
Steak Sandwich,Dozen,Sandwiches,Item,96,0.1,,Yes
TeKnwledge Coffee Break ,Each,Events,Item,50,0.1, ,Yes
TeKnowledge Full Catering ,Each,Events,Item,120,0.1, ,Yes
Fresh Salad,Each,Salads,Item,220,0.1,,Yes
Shrimp Noodles,Each,Main Dish,Item,250,0.1,,Yes
Amhiyye,Each,Sweets,Item,450,0.1,,Yes
Mini Shawarma Chicken ,Dozen,Sandwiches,Item,60,0.1,,Yes
Salad ,Each,Salads,Item,10,0.1, ,Yes
Moghrabiye,EA,Main Dish,Item,180,0.1,,Yes
Cutlery,EA,Raw Items,Item,10,10,,Yes
Moujadara ,EA,Main Dish,Item,110,0.1,,Yes
Mdardara with fried Onions,EA,Cold Mezze,Item,100,0.1,,Yes
Mozzarella Sticks ,Each,Appetizers,Item,100,0.1,,Yes
Teknowledge Special Coffee Breack  snacks part of Full day,EA,Events,Item,20,0.1,,Yes
Special Salad,Each,Salads,Item,180,0.1,,Yes
Mloukhiye,EA,Main Dish,Item,220,0.1,,Yes
Daily Dish Monthly 26 Days,EA,Daily Dish,Item,42.3,0.1,,Yes
Kale salad ,Each,Salads,Item,200,0.1, ,Yes
Salmon Pie,Each,Appetizers,Item,180,0.1, ,Yes
Batenjen With Cheese,Each,Extras,Item,170,0.1, ,Yes
Riz Aa Djej,Each,Main Dish,Item,280,0.1, ,Yes
Small Bread,EA,Sweets,Item,6,0.1,,Yes
chich barak 40 pcs,EA,Sweets,Item,40,0.1,,Yes
Mehchi Malfouf,EA,Main Dish,Item,180,0.1,,Yes
Bakdounis cut 1 Box,EA,Raw Items,Item,45,0.1,,Yes
Lemon Juice ,EA,Raw Items,Item,15,0.1,,Yes
Rocca With Goat Cheese Salad,EA,Salads,Item,180,0.1,,Yes
Shrimp with cocktail sauce,EA,Appetizers,Item,80,0.1,,Yes
Daoud Basha with Rice,EA,Main Dish,Item,180,0.1,,Yes
Spinach with Rice,EA,Main Dish,Item,180,0.1,,Yes
Frickeh Chicken,EA,Main Dish,Item,200,0.1,,Yes
Koussa Kablama,EA,Main Dish,Item,180,0.1,,Yes
chich Barak with Rice,EA,Main Dish,Item,180,0.1,,Yes
Goat Cheese Salad,EA,Salads,Item,220,0.1,,Yes
Mtabbal,Each,Appetizers,Item,70,0.1, ,Yes
Soup,EA,Hot Mezze,Item,80,0.1,,Yes
Teknowledge Full Breakfast only ,EA,Events,Item,50,0.1,,Yes
Talabat Orders,EA,Extras,Item,0.1,0.01,,Yes
Snoonu Orders,EA,Extras,Item,0.1,0.01,,Yes
Rafeeq Orders,EA,Extras,Item,0.1,0.01,,Yes
Keeta Orders,EA,Extras,Item,0.01,0.01,,Yes
Croissant ,EA,Sweets,Item,6,0.1,,Yes
Falafel 12pcs,EA,Hot Mezze,Item,40,0.1,,Yes
Shrimp Avocado Cups,EA,Appetizers,Item,96,0.1,,Yes
Carrot Cucumber Couliflower Plat,EA,Appetizers,Item,50,0.1,,Yes
Mehchi Malfouf Raw,EA,Meals,Item,90,0.1,,Yes
Sujuk,Each,Sandwiches,Item,15,0.1,,Yes
Fish Grilled,EA,From the Grill,Item,120,0.1,,Yes
Hrissi,EA,Main Dish,Item,240,0.14,,Yes
Popsicle,EA,Sweets,Item,14,0.1,,Yes
Kids Box,EA,Extras,Item,20,0.1,,Yes
Hommos Makdous,EA,Appetizers,Item,90,0.1,,Yes
Burghul with Tomato,EA,Appetizers,Item,80,0.1,,Yes
Chicken Noodles,EA,Appetizers,Item,120,0.1,,Yes
Tacos Beef,EA,Trays,Item,140,0.1,,Yes
Oriental Rice with Chicken,Each,Main Dish,Item,260,0.1,,Yes
Quiche Salmon,EA,Appetizers,Item,180,0.1,,Yes
Chicken Bites Dozen,EA,Appetizers,Item,48,0.1,,Yes
Kebbeh Raw,EA,Appetizers,Item,120,0.1,,Yes
Assorted Sandwishes,EA,Sandwiches,Item,15,15,,Yes
Chicken Strogonoff ,EA,Appetizers,Item,160,0.1,,Yes
Kamhieh,EA,Extras,Item,600,0.21,,Yes
Halloumi Salad,EA,Salads,Item,160,0.1,,Yes
Strogonoff Beef,EA,Appetizers,Item,160,0.1,,Yes
Water Bones,EA,Appetizers,Item,270,0.1,,Yes
beef burger,EA,Events,Item,25,0.1,,Yes
chicken burger,EA,Events,Item,25,0.1,,Yes
chicken chawarma,EA,Events,Item,20,0.1,,Yes
Beef Chawarma,EA,Events,Item,20,0.1,,Yes
Hot dog,EA,Events,Item,15,0.1,,Yes
Chips,EA,Events,Item,5,0.1,,Yes
Coca Cola,EA,Events,Item,8,0.1,,Yes
Coca Cola Zero,EA,Events,Item,5,0.1,,Yes
Sprite,EA,Events,Item,5,0.1,,Yes
Arwa Water,EA,Events,Item,5,0.1,,Yes
Special Box,EA,Events,Item,40,0.1,,Yes
Lamb Chops Raw,EA,Extras,Item,160,0.1,,Yes
Kebbeh Bi Laban,EA,Appetizers,Item,140,0.1,,Yes
Shrimp Fajita ,EA,Appetizers,Item,280,0.1,,Yes
Cheese Rolls 18pcs,EA,Appetizers,Item,52.5,0.1,,Yes
Briyani Meat,EA,Main Dish,Item,200,0.1,,Yes
Kameh Kg,EA,Desserts,Item,100,0.1,,Yes
Maakaroun 1 Kg,EA,Sweets,Item,120,0.1,,Yes
Kameh Half Portion,EA,Main Dish,Item,50,0.1,,Yes
Chich Barak 120 Pcs,EA,Main Dish,Item,325,0.1,,Yes
Kashta 12pcs,EA,Desserts,Item,50,0.1,,Yes
Kashta 6pcs,EA,Desserts,Item,25,0.1,,Yes
Jouz 12Pcs,EA,Desserts,Item,50,0.1,,Yes
Jouz 6Pcs,EA,Desserts,Item,25,0.1,,Yes
Maacroun Half Portion,EA,Desserts,Item,60,0.1,,Yes
Ouwaymat Half Portion,EA,Desserts,Item,50,0.1,,Yes
ouwaymat,EA,Desserts,Item,100,0.1,,Yes
Salmon with Vegetables,EA,Main Dish,Item,250,0.1,,Yes
Pasta Salad,EA,Salads,Item,180,0.1,,Yes
Fruit Salad,EA,Desserts,Item,220,0.12,,Yes
Chicken Alfredo,EA,Main Dish,Item,280,0.1,,Yes
Caesar Salad,EA,Salads,Item,180,0.1,,Yes
Paella,EA,Main Dish,Item,200,0.1,,Yes
Sfouf,EA,Sweets,Item,100,0.1,,Yes
Fatayer Cheese,EA,Appetizers,Item,40,0.1,,Yes
Steak Mushroom,EA,Main Dish,Item,380,0.1,,Yes
Buratta Salad,EA,Salads,Item,220,0.1,,Yes
Salmon Canapes 12pcs,EA,Appetizers,Item,110,0.1,,Yes
Chicken Canapes,EA,Appetizers,Item,100,0.1,,Yes
Shawarma Beef Portion,EA,Hot Mezze,Item,180,0.1,,Yes
Greek Salad,EA,Salads,Item,170,0.1,,Yes
Smoked Salmon,EA,Appetizers,Item,120,0.1,,Yes
Shrimp Tortilla,EA,Appetizers,Item,12,0.1,,Yes
Waiter,EA,Extras,Item,150,150,,Yes
Caster Tray,EA,Sweets,Item,100,0.1,,Yes
Loubye Meat,EA,Main Dish,Item,160,0.1,,Yes
Cup Cake,EA,Sweets,Item,14,0.1,,Yes
Mashed Potato,EA,Main Dish,Item,80,0.1,,Yes
Chicken Mehchi with rice,EA,Main Dish,Item,350,0.1,,Yes
Shrimp Kaju Nuts,EA,Main Dish,Item,270,0.1,,Yes
Frikeh Salad,EA,Salads,Item,180,0.1,,Yes
Dynamite Shrimps,EA,Main Dish,Item,180,0.1,,Yes
Beetroot Salad,EA,Salads,Item,150,0.11,,Yes
Chicken Pie,EA,Main Dish,Item,160,0.1,,Yes
Noodles Salad,EA,Salads,Item,170,0.1,,Yes
Shrimp Cup,EA,Appetizers,Item,7,0.1,,Yes
Rice Paper Veg,EA,Appetizers,Item,3.5,0.1,,Yes
Vegetables Mix Plate,EA,Appetizers,Item,120,0.1,,Yes
QIFF Hommos,EA,1QIFF,Item,10,0.1,,Yes
QIFF Moutabla,EA,1QIFF,Item,10,0.1,,Yes
QIFF vine leaves,EA,1QIFF,Item,15,0.1,,Yes
qiff tabbouleh,EA,1QIFF,Item,15,0.1,,Yes
qiff fattouch ,EA,1QIFF,Item,15,0.1,,Yes
qiff greek salad ,EA,1QIFF,Item,15,0.1,,Yes
qiff chicken shawarma ,EA,1QIFF,Item,20,0.1,,Yes
qiff beef burger,EA,1QIFF,Item,20,0.1,,Yes
qiff chicken  burger ,EA,1QIFF,Item,20,0.1,,Yes
qiff chicken fajita ,EA,1QIFF,Item,25,0.1,,Yes
qiff beef philadelphia ,EA,1QIFF,Item,25,0.1,,Yes
qiff meat kafta ,EA,1QIFF,Item,20,0.1,,Yes
qiff soujouk,EA,1QIFF,Item,20,0.1,,Yes
qiff choco banana,EA,1QIFF,Item,15,0.1,,Yes
qiff custard ,EA,1QIFF,Item,10,0.1,,Yes
qiff jello ,EA,1QIFF,Item,10,0.1,,Yes
qiff lazy cake ,EA,1QIFF,Item,10,0.1,,Yes
qiff cola ,EA,1QIFF,Item,6,0.1,,Yes
qiff cola zero ,EA,1QIFF,Item,6,0.1,,Yes
qiff fanta ,EA,1QIFF,Item,6,0.1,,Yes
qiff sprite ,EA,1QIFF,Item,6,0.1,,Yes
qiff sprite zero,EA,1QIFF,Item,6,0.1,,Yes
qiff water ,EA,1QIFF,Item,6,0.1,,Yes
qiff chickenh nuggets ,EA,1QIFF,Item,15,0.1,,Yes
qiff mozzarella sticks ,EA,1QIFF,Item,15,0.1,,Yes
French Fries,EA,1QIFF,Item,10,0.1,,Yes
Espresso,EA,1QIFF,Item,14,0.1,,Yes
Double Espresso,EA,1QIFF,Item,16,0.1,,Yes
Long Black,EA,1QIFF,Item,16,0.1,,Yes
Ristretto,EA,1QIFF,Item,14,0.1,,Yes
Cardamon Tea,EA,1QIFF,Item,16,0.1,,Yes
Americano,EA,1QIFF,Item,16,0.1,,Yes
Cappuccino,EA,1QIFF,Item,18,0.1,,Yes
Hot Chocolate,EA,1QIFF,Item,15,0.1,,Yes
Hot Milk,EA,1QIFF,Item,13,0.1,,Yes
Cafe Tea Latte,EA,1QIFF,Item,18,0.1,,Yes
Espresso Latte,EA,1QIFF,Item,18,0.1,,Yes
Cafe Latte,EA,1QIFF,Item,18,0.1,,Yes
Tea Latte,EA,1QIFF,Item,16,0.1,,Yes
Cafe Mocha,EA,1QIFF,Item,18,0.1,,Yes
Choco Milk,EA,1QIFF,Item,15,0.1,,Yes
Tea,EA,1QIFF,Item,10,0.1,,Yes
Mixed Roasted Nuts Big,EA,1QIFF,Item,45,0.1,,Yes
Mixed Roasted nuts Small,EA,1QIFF,Item,15,0.1,,Yes
Spiral Potato,EA,1QIFF,Item,15,0.1,,Yes
Mhamara,Dozen,Appetizers,Item,80,0.1,,Yes
Noodles With Vegetables,EA,Main Dish,Item,180,0.1,,Yes
Garlic paste,EA,Appetizers,Item,30,0.1,,Yes
Chicken Nuggets,EA,Appetizers,Item,120,0.1,,Yes
Warm Light ,EA,From the Grill,Item,120,0.1,,Yes
Maintenance works,EA,Maintenance,Item,0.1,900,,Yes
Tomex Frozen Sweet Corn 4x2.5KG,EA,Raw Materials,Item,0.1,95,,Yes
Frozen Mango Pulp 16x1Kg,EA,Raw Materials,Item,0.1,105,,Yes
Frozen Strawberry 10x1kg,EA,Raw Materials,Item,0.1,75,,Yes
Frozen Mix Vegetable,EA,Raw Materials,Item,0.1,42,,Yes
Frozen French Fries 4 x 2.5Kg,EA,Raw Materials,Item,0.1,50,,Yes
FZ EG Mango SlicesFahed Food 1Kgx8 / Box,EA,Raw Materials,Item,0.1,69,,Yes
FZ EG Strawberry 1kgx8 Vegie-Tut,EA,Raw Materials,Item,0.1,60,,Yes
Frz EG Mixed Vegetables 2.5Kgx4 Hi-Chef,EA,Raw Materials,Item,0.1,34,,Yes
Tomex Mix Vegetables 4x2.5KG,EA,Raw Materials,Item,0.1,50,,Yes
Okra Zero 20x400g,EA,Raw Materials,Item,0.1,90,,Yes
Frz EG Cauli Flower 2.5Kgx4 Hi-Chef,EA,Raw Materials,Item,0.1,35,,Yes
Green Peas - Medium Fine 4x2.5KG,EA,Raw Materials,Item,0.1,63,,Yes
Green Peas 2.5 Kg,EA,Raw Materials,Item,0.1,12,,Yes
FRZ EG Cut Beans 2.5x4kg Hi-Chef,EA,Raw Materials,Item,0.1,43,,Yes
Green Beans - Cut 4x2.5KG,EA,Raw Materials,Item,0.1,60,,Yes
Frozen Shredded Mozzarella,EA,Raw Materials,Item,0.1,25,,Yes
Wabel Kaskawal Shredded Mozarells 6x2Kg,EA,Daily Dish,Item,0.1,300,,Yes
"French Fries 9x9mm, Skin off 4x2.5Kgs",EA,Raw Materials,Item,0.1,68,,Yes
Hash Brown Triangular 4x2.5Kgs,EA,Raw Materials,Item,0.1,90,,Yes
Beef Bacon Bits Toppings 6x1KG,EA,Raw Materials,Item,0.1,170,,Yes
Fish Filet Frozen - Vietnam 1 Kg,EA,Raw Materials,Item,0.1,9,,Yes
Fish Filet Box 4x2.5 Kg,EA,Raw Materials,Item,0.1,75,,Yes
Fish Fillet - 4 x 2.5 KG,EA,Raw Materials,Item,0.1,73,,Yes
Shrimp Frozen 11/15 1 Kg,EA,Raw Materials,Item,0.1,28,,Yes
PD Shrimp 11/15 (10 x 1 Kg ),EA,Raw Materials,Item,0.1,29,,Yes
Mix Sea Food 20x400 gm,EA,Raw Materials,Item,0.1,170,,Yes
Tomex Spinach Leaf 4x2.5kgs,EA,Raw Materials,Item,0.1,55,,Yes
Frz EG Chopped Spinach 2.5KGx4 Hi-Chef,EA,Raw Materials,Item,0.1,35,,Yes
Frozen Spinach 10x1kg KLA India,EA,Raw Materials,Item,0.1,37,,Yes
Frozen Mackerel Whole 10kgs,EA,Raw Materials,Item,0.01,65,,Yes
Green Beans 2.5 Kgs,EA,Raw Materials,Item,0.1,10,,Yes
Aviko Crunchy Crispy 9.5mm,EA,Raw Materials,Item,0.1,90,,Yes
Frz EG Okra Zero 20gx400 Hi-Chef,EA,Raw Materials,Item,0.1,83,,Yes
Aviko H Patatas Bravas 4x2500g,EA,Raw Materials,Item,0.1,110,,Yes
FRZ US Beef HotDog 6Inch 6/1Kg Oak Valley,EA,Raw Materials,Item,0.1,72,,Yes
GRANORO - LASAGNE ALL' UOVO (12X500G) (120),EA,Raw Materials,Item,0.1,116,,Yes
Bake XL - Improver 10Kgs,EA,Raw Materials,Item,0.1,163,,Yes
Milk Compound Chocolate 5Kgs,EA,Raw Materials,Item,0.1,80,,Yes
White Compound Chocolate 5Kgs,EA,Raw Materials,Item,0.1,80,,Yes
Dark Compound Chocolate,EA,Raw Materials,Item,0.1,80,,Yes
Croissant Butter 82% Le Grand Tourage 10x1Kg,EA,Raw Materials,Item,0.1,575,,Yes
WHITE SUGAR PASTE 1KG X 12PCS,EA,Raw Materials,Item,0.1,180,,Yes
SUGAR PASTE black 1KG X 12PCS,EA,Raw Materials,Item,0.1,168,,Yes
SUGAR PASTE White 1KG X 12PCS,EA,Raw Materials,Item,0.1,168,,Yes
SUGAR PASTE COLOR 1KG,EA,Raw Materials,Item,0.1,16,,Yes
Frozen Mix Berries 2.5kgs Andros Chef,EA,Raw Materials,Item,0.1,87.5,,Yes
COCOA POWDER 1KG,EA,Raw Materials,Item,0.1,60,,Yes
WHITE COMPOUND BLOCKS 2.5KG,EA,Raw Materials,Item,0.1,45,,Yes
MILK COMPOUND BLOCKS 2.5KG,EA,Raw Materials,Item,0.1,45,,Yes
DARK COMPOUND BLOCKS 2.5KG,EA,Raw Materials,Item,0.1,45,,Yes
Chocolate Sticks 1KG,EA,Raw Materials,Item,0.1,27,,Yes
Vizyon White Sugar Paste 1kgx12Pcs,EA,Raw Materials,Item,0.1,180,,Yes
Piping Bag 10 Pcs,EA,Raw Materials,Item,0.1,195,,Yes
Vizyon Custard 1Kgx10pcs,EA,Raw Materials,Item,0.1,285,,Yes
Candia Puff Pastry Butter Extra Tourage 82% 1Kgx10,EA,Raw Materials,Item,510,510,,Yes
Spiral Whipping Cream 1 Ltrx12pcs,EA,Raw Materials,Item,0.1,140,,Yes
Vizyon Baking Powder 2Kg,EA,Raw Materials,Item,0.1,35,,Yes
Mission Tortilla Wraps 25 A 6x13 105c Original 378 g,EA,Raw Materials,Item,0.1,7,,Yes
Mission Tortilla Wraps Wheat 20A 8x12 120c Original 320g,EA,Raw Materials,Item,0.1,6,,Yes
Icing sugar 2Kg 5 pkt,EA,Raw Materials,Item,0.1,60,,Yes
Backaldrin Dry Yeast 20Pc x 500g,EA,Raw Materials,Item,0.1,125,,Yes
Vanilla Liquid Btl,EA,Raw Materials,Item,0.1,61,,Yes
Flour Turkey 50 Kgs,EA,Raw Materials,Item,0.1,90,,Yes
Qnited Cocoa Powder 10Kg Reference 900,EA,Raw Materials,Item,0.1,300,,Yes
Mozarella Sticks 6 KG,EA,Raw Materials,Item,0.1,175,,Yes
Campina Butter Sheet 2x5,EA,Raw Materials,Item,0.1,500,,Yes
Ketchup Sauce Tredos,EA,Raw Materials,Item,0.1,70,,Yes
MILK COMPOUND BLOCKS 2.5KG,EA,Raw Materials,Item,0.1,45,,Yes
President Butter Sheets,EA,Raw Materials,Item,0.1,575,,Yes
Meal Subscription 20 days,Each,Events,Item,800,0.1,,Yes
Benina - Soy Sauce Original 1.86L,EA,Raw Materials,Item,0.1,12.5,,Yes
Benina - Oyster Sauce 1.9L,EA,Raw Materials,Item,0.1,18.5,,Yes
Benina - Sweet and Sour 1.9L,EA,Raw Materials,Item,0.1,20,,Yes
Benina Sweet & Chili Sauce 1.9L,EA,Raw Materials,Item,0.1,19,,Yes
Benina Pizza Sauce 4.1 Kg,EA,Raw Materials,Item,0.1,41,,Yes
Beef Jerky Original Flavour 25 G,EA,Raw Materials,Item,0.1,7.5,,Yes
Kings Harvest - Crispy Fried Onions,KG,Raw Materials,Item,0.1,27,,Yes
Benina Quinoa Multicolor 1000G,EA,Raw Materials,Item,0.1,23,,Yes
Catering Event,EA,Events,Item,2560,0.01,,Yes
Microsoft Daily Breakfast Catering,EA,Events,Item,690,,,Yes
Sunflower oil 4x5Lit,EA,Raw Materials,Item,0.1,108,,Yes
Palm Oil 18 Ltr,EA,Raw Materials,Item,0.1,112,,Yes
Benina Sesame Oil 1.86L,EA,Raw Materials,Item,0.1,65,,Yes
Colavita Balsamic Vinegar - 5L,EA,Raw Materials,Item,0.1,49,,Yes
MBM Apple Vinegar 500ML,EA,Raw Materials,Item,0.1,6.25,,Yes
White Vinegar 4x3.78ltr,EA,Raw Materials,Item,0.1,18,,Yes
Qutof White Vinegar 4ltrx4,EA,Raw Materials,Item,0.02,20,,Yes
BM Mixed pickles 10 kg,EA,Raw Materials,Item,0.1,81.5,,Yes
HAPPY GARDENS PICKLED GRAPE LEAVES,EA,Raw Materials,Item,0.1,13.06,,Yes
EGG LARGE 360PCS (12X30's),EA,Raw Materials,Item,0.1,155,,Yes
Fresh Eggs Grade A -,EA,Raw Materials,Item,0.1,120,,Yes
Perfecta Mayonnaise,EA,Raw Items,Item,0.1,180,,Yes
Mayonnaise,EA,Raw Materials,Item,0.01,40,,Yes
Happy Gardens Tahina Extra 8.58 NW - GW 9.00,EA,Raw Materials,Item,0.1,162.56,,Yes
Al Shaab Tahina 8 kg,EA,Raw Materials,Item,0.1,122,,Yes
Whole Peeled Tomatoes 6x2.5KG,EA,Raw Materials,Item,0.1,90,,Yes
Tomato Cut 1 Box,EA,Raw Items,Item,20,0.1,,Yes
IT Chopped Tomatoes 2550GMx6 Patisiya,EA,Raw Materials,Item,0.1,75,,Yes
Tomato Peeled 6 x 2.5Kgs,EA,Raw Materials,Item,0.1,96,,Yes
BM Tomato Paste 650 GR - Lebanon,EA,Raw Materials,Item,0.1,8.5,,Yes
Tomato Paste 800gms x 12,EA,Raw Materials,Item,0.1,40,,Yes
Happy Gardens Black Olives 12 kgs,EA,Raw Materials,Item,0.1,168,,Yes
Happy Gardens Tehina Brl N.W. 10KG,EA,Raw Materials,Item,0.1,160,,Yes
Happy Gardens Green Olives,EA,Raw Materials,Item,0.1,163.2,,Yes
Happy Gardens Foul Medamas 400gr 1x24,EA,Raw Materials,Item,0.1,2,,Yes
Happy Gardens Chickpeas 9mm-20 kg,EA,Raw Materials,Item,0.1,180.5,,Yes
Mustard Sauce,EA,Raw Items,Item,0.1,120,,Yes
Bister Dijon Mustard - 5KG,EA,Raw Materials,Item,0.1,70,,Yes
Happy Gardens Vine Leaves -Deluxe 908GR 1x12,EA,Raw Materials,Item,0.1,160.65,,Yes
AlWadi-Pomegrenate Molasses 500mlx12,EA,Raw Materials,Item,0.1,90,,Yes
Tannous Blossom Water 500 ML,EA,Raw Materials,Item,0.1,5.95,,Yes
Al Wajba Red Vinegar 1ltr x 12 pcs,EA,Raw Materials,Item,0.1,34,,Yes
BM CUCUMBER PICKLES BARREL,EA,Raw Materials,Item,0.1,83.3,,Yes
Cheddar Cheese Sauce (TIN) 3.4 Kg,EA,Raw Materials,Item,0.1,38.33,,Yes
White Chunk Tuna in Sunflower Oil 6x1.8KG,EA,Raw Materials,Item,0.1,230,,Yes
StarSea Chunk White Tune in sunflower oil 6x1.85Kg,EA,Raw Materials,Item,0.1,225,,Yes
Apple Vinegar 500ml,EA,Raw Materials,Item,0.1,7.5,,Yes
Orange Blossom Water 500ml,EA,Raw Materials,Item,0.1,7.5,,Yes
Coffee Beans,KG,Raw Materials,Item,0.1,90,,Yes
Hot Chocolate,KG,Raw Materials,Item,0.1,50,,Yes
Cappuccino Topping,KG,Raw Materials,Item,0.1,70,,Yes
Karak Tea,KG,Raw Materials,Item,0.1,35,,Yes
Shrimp Caju Nuts & Rice,EA,Main Dish,Item,270,0.1,,Yes
Al Baladi Pomegranate Molasses 500mlx12,EA,Raw Materials,Item,0.1,144,,Yes
Al Baladi Dried Moghrabieh 900g,EA,Raw Materials,Item,0.1,9,,Yes
Al Baladi Red Lentil 900g,EA,Raw Materials,Item,0.1,7.75,,Yes
Al Baladi Stuffed Eggplant ( Macdous ) 14kg,EA,Raw Materials,Item,0.1,315,,Yes
VEGONTABLE PULP OF ROASTED EGGPLANT,EA,Raw Materials,Item,0.1,24.65,,Yes
White Kidney Beans 900g,EA,Raw Materials,Item,0.1,10,,Yes
Happy Gardens Foul Medamas 400gr 1x24,EA,Raw Materials,Item,0.1,2,,Yes
Cupcake with custome design,EA,Sweets,Item,8,3,,Yes
Rice with meat Plate,EA,Meals,Item,30,0.1,,Yes
Rice with Chicken Meal,EA,Meals,Item,35,0.1,,Yes
Coco Mazaya Charcoal 10KG,EA,Raw Materials,Item,0.1,84,,Yes
Kebbeh 2ras,EA,Appetizers,Item,3.75,0.1,,Yes
Tomex coated & salted crunchy fries 6x6mm Offer,EA,Raw Materials,Item,0.1,80,,Yes
Microwave Rectangular 1500ml - 150pcs,EA,Raw Materials,Item,0.1,80,,Yes
Al Rayes Echo Foamchlor FC313 5ltr,EA,Raw Materials,Item,0.1,49,,Yes
Al Rayes Echo Zan BK 1 ltr,EA,Raw Materials,Item,0.1,80,,Yes
Al Rayes Dish Soap Ginger Lemon 5LTR,EA,Raw Materials,Item,0.1,40,,Yes
Al Rayes Bio Lab Maxi Roll 600 G Green,EA,Raw Materials,Item,0.1,30,,Yes
FRZ EG Broccoli 2.5KGx4 Hi-Chef,EA,Raw Materials,Item,0.1,47,,Yes
U shape PET Juice cup 12OZ 1000pc/Box,EA,Raw Materials,Item,0.1,150,,Yes
Stretch film 2.5Kgx6,EA,Raw Materials,Item,0.1,100,,Yes
Floor Scrubbing Broom with Stick,EA,Raw Materials,Item,0.1,15,,Yes
Floor Wiper 45cm with stick,EA,Raw Materials,Item,0.1,15,,Yes
Soft Broom with Handle 28.5x5x12cm,EA,Raw Materials,Item,0.1,15,,Yes
Plastic Cup Ushape 12 OZ 1000pcs,EA,Raw Materials,Item,0.1,210,,Yes
paper cup 4OZ 1000 pcs,EA,Raw Materials,Item,0.1,80,,Yes
Aluminum Container 1190 250pcs,EA,Raw Materials,Item,0.1,150,,Yes
Latex Gloves Large,EA,Raw Materials,Item,0.1,51,,Yes
Waiter/Waitress - Monthly Rate 22 Days,EA,Events,Item,0.1,3200,,Yes
Delivery Platform Payment,EA,Extras,Item,100,0.1,,Yes
Greek Salad,Each,Salads,Item,29,0.01,???? ???????,Yes
Salata Jabaliyyeh,Each,Salads,Item,32,0.01,???? ????? ,Yes
Fattouch,Each,Salads,Item,24,0.01,????,Yes
Tabbouleh,Each,Salads,Item,20,0.01,?????,Yes
Rocca Salad,Each,Salads,Item,25,0.01,???? ???????,Yes
Spicy Olives Salad,Each,Salads,Item,24,0.01,???? ??????? ?????,Yes
Layla Special Beets salad,Each,Salads,Item,29,0.01,???? ????,Yes
Yougurt & Cucumber Salad,Each,Salads,Item,15,0.01,???? ??????,Yes
Hommos,Each,Cold Mezze,Item,17,0.01,???,Yes
Hommos Layla,Each,Cold Mezze,Item,24,0.01,??? ????,Yes
Hommos Beiruti,Each,Cold Mezze,Item,22,0.01,??? ??????,Yes
Hommos Ras Asfour,Each,Cold Mezze,Item,26,0.01,??? ??? ?????,Yes
Hommos Shawarma,Each,Cold Mezze,Item,26,0.01,??? ??????,Yes
Hommos Qawarma,Each,Cold Mezze,Item,26,0.01,??? ????????,Yes
Fish Tajen,Each,Cold Mezze,Item,32,0.01,???? ???,Yes
Eggplant Moutabal,Each,Cold Mezze,Item,20,0.01,???? ???????,Yes
Al Raheb Salad,Each,Cold Mezze,Item,22,0.01,???? ??????,Yes
Vine Leaves ,Each,Cold Mezze,Item,24,0.01,??? ??? ??????,Yes
Labneh,Each,Cold Mezze,Item,18,0.01,????,Yes
Labneh with Gralic & Mint,Each,Cold Mezze,Item,20,0.01,???? ?????? ? ??????,Yes
Beetroots  Moutabal,Each,Cold Mezze,Item,22,0.01,????? ????,Yes
Eggplant Mosakaa,Each,Cold Mezze,Item,22,0.01,????? ???????,Yes
Moujadara with Fried Onion,Each,Cold Mezze,Item,18,0.01,????? ?????? ,Yes
Shanklish,Each,Cold Mezze,Item,24,0.01,??????,Yes
Loubieh Bl Zeit,Each,Cold Mezze,Item,22,0.01,????? ??????,Yes
Sojok Pomegranate Syrup (120 G),Each,Hot Mezze,Item,34,0.01,??? ???? ??????,Yes
Sojok with Vegetable (120 G),Each,Hot Mezze,Item,32,0.01,??? ???????,Yes
Makanek Pomegranate Syrup (120 G),Each,Hot Mezze,Item,32,0.01,????? ??? ??????,Yes
Makanek With Lemon & Garlic (120 G),Each,Hot Mezze,Item,30,0.01,????? ???????? ??????,Yes
Chicken Liver with Lemon & Garlic (150 G),Each,Hot Mezze,Item,22,0.01,???? ?????? ??????? ? ?????,Yes
Chicken Liver with Ponegranate Syrup (150 G),Each,Hot Mezze,Item,24,0.01,???? ?????? ???? ??????,Yes
Kafta Hmaimees,Each,Hot Mezze,Item,32,0.01,???? ??????,Yes
Mutton Liver (150 G),Each,Hot Mezze,Item,22,0.01,???? ?????,Yes
MUTTON HEAD,Each,Hot Mezze,Item,120,0.01,??? ???? ???,Yes
Asafir Tyan (6 pieces),Each,Hot Mezze,Item,90,0.01,????? ????? ,Yes
Chicken Wings Provencale (450 G),Each,Hot Mezze,Item,36,0.01,????? ???? ???????? ? ?????,Yes
Batata Harra,Each,Hot Mezze,Item,20,0.01,????? ???,Yes
French Fries,Each,Hot Mezze,Item,17,0.01,????? ?????,Yes
Kebbeh 12 pcs,Each,Hot Mezze,Item,45,0.01,??? ?????,Yes
Sambousek Lahmeh,Each,Hot Mezze,Item,40,0.01,?????? ??????? (6 ?????),Yes
Sambousek Cheese ,Each,Hot Mezze,Item,40,0.01,?????? ???????? (6 ?????),Yes
Cheese & Basterma Roll (6 pcs),Each,Hot Mezze,Item,24,0.01,????? ???????? ??????? (6 ?????),Yes
Cheese Roll (6 pcs),Each,Hot Mezze,Item,18,0.01,????? ??????? (6 ?????),Yes
Fatayer Spinach (6 pcs),Each,Hot Mezze,Item,22,0.01,????? ??????? (6 ?????),Yes
Fatayer Green Zaatar  (6 pcs),Each,Hot Mezze,Item,24,0.01,????? ??????? ?????? (6 ?????),Yes
Fatayer Potato (6 pcs),Each,Hot Mezze,Item,22,0.01,????? ???????? (6 ?????),Yes
Fatayer Bakleh (6 pcs),Each,Hot Mezze,Item,24,0.01,????? ?????? (6 ?????),Yes
Mix Moajanat ,Each,Hot Mezze,Item,45,0.01,?????? ?????  ???,Yes
Grilled Halloumi,Each,Hot Mezze,Item,29,0.01,???? ????,Yes
Bayd Ghanam (150 G),Each,Hot Mezze,Item,24,0.01,??? ???,Yes
Lamb Brains (150 G),Each,Hot Mezze,Item,25,0.01,?????? ???,Yes
Lamb tongues (180 G),Each,Hot Mezze,Item,28,0.01,?????? ???,Yes
Shawarma Chicken,Each,Sandwiches,Item,15,0.01,?????? ????,Yes
Shawarma Meat,Each,Sandwiches,Item,16,0.01,?????? ????,Yes
Sojok,Each,Sandwiches,Item,18,0.01,???,Yes
Makanek,Each,Sandwiches,Item,18,0.01,?????,Yes
Chicken Liver,Each,Sandwiches,Item,17,0.01,???? ??????,Yes
Kafta,Each,Sandwiches,Item,18,0.01,????,Yes
Shish Taouk,Each,Sandwiches,Item,18,0.01,??? ?????,Yes
Chekaf,Each,Sandwiches,Item,19,0.01,???,Yes
Kafta Djej,Each,Sandwiches,Item,17,0.01,???? ????,Yes
Chicken Marrouch,Each,Sandwiches,Item,17,0.01,???? ????,Yes
Sawdit Ghanam,Each,Sandwiches,Item,17,0.01,???? ???,Yes
Special Layla sandwich,Each,Sandwiches,Item,20,0.01,?????? ???? ,Yes
Grilled Lamb Burger (Platter),Each,Sandwiches,Item,35,0.01,???? ??? ???? (???),Yes
Grilled Chicken Burger (Platter),Each,Sandwiches,Item,32,0.01,???? ???? (???),Yes
Bayd Ghanam,Each,Sandwiches,Item,18,0.01,??? ???,Yes
Lamb Brains,Each,Sandwiches,Item,17,0.01,?????? ???,Yes
Lamb tongues,Each,Sandwiches,Item,19,0.01,?????? ???,Yes
Farrouj Mechwi (1000 G),Each,From the Grill,Item,49,0.01,???? ????,Yes
Farrouj Mechwi  (Half) (500 G),Each,From the Grill,Item,28,0.01,??? ???? ????,Yes
Kafta Plate (3 skewers),Each,From the Grill,Item,49,0.01,??? ????,Yes
Taouk Plate ,Each,From the Grill,Item,42,0.01,??? ?????,Yes
Chekaf Plate (3 skewers),Each,From the Grill,Item,62,0.01,??? ???,Yes
Kafta Djej Plate (3 skewers),Each,From the Grill,Item,40,0.01,??? ???? ????,Yes
Lamb Chops Plate (450 G),Each,From the Grill,Item,75,0.01,??? ??? ????,Yes
Mix Grill Platter (4 skewers),Each,From the Grill,Item,62,0.01,??? ????? ????,Yes
Shawarma Meat Plate (220 G),Each,From the Grill,Item,38,0.01,??? ????? ????,Yes
Shawarma Chicken Plate (220 G),Each,From the Grill,Item,36,0.01,??? ????? ????,Yes
Grilled Shrimp Plate (380 G),Each,From the Grill,Item,75,0.01,?????? ????,Yes
Arayes Kafta Plate (150 G),Each,From the Grill,Item,28,0.01,??? ????? ????,Yes
Tochka (150 G),Each,From the Grill,Item,32,0.01,?????,Yes
Kafta (KG),Each,From the Grill,Item,145,0.01, ???? (????),Yes
Taouk (KG),Each,From the Grill,Item,120,0.01, ????? (????),Yes
Chekaf (KG),Each,From the Grill,Item,165,0.01, ??? (????),Yes
Kafta Djej (KG),Each,From the Grill,Item,90,0.01, ???? ???? (????),Yes
Lamb Chops (KG),Each,From the Grill,Item,175,0.01, ??? ???? (????),Yes
Mix Grill (KG),Each,From the Grill,Item,130,0.01, ????? ???? (????),Yes
Grilled Shrimp (KG),Each,From the Grill,Item,180,0.01,?????? ???? (????),Yes
Syrian Lamb Shank  (choice of Rice Majbous - Bukhari - Biryani - Mandi),Each,Meals,Item,75,0.01,????? ??? ???? (?????? ????? ?? ??????? -  ??????? - ???? - ????),Yes
Australian Lamb Shank  (choice of Rice Majbous - Bukhari - Moutabaq - Mandi),Each,Meals,Item,35,0.01,????? ??? ??????? (?????? ????? ?? ??????? -  ??????? - ???? - ????),Yes
Kafta Lamb (choice of Rice Majbous - Bukhari - Moutabaq - Mandi),Each,Meals,Item,45,0.01,???? ??? (?????? ????? ?? ??????? -  ??????? - ???? - ????),Yes
Mix Grill (choice of Rice Majbous - Bukhari - Moutabaq - Mandi),Each,Meals,Item,55,0.01,????? ???? (?????? ????? ?? ??????? -  ??????? - ???? - ????),Yes
Half Chicken   (choice of Rice Majbous - Bukhari - Moutabaq - Mandi),Each,Meals,Item,35,0.01,??? ???? ???? (?????? ????? ?? ??????? -  ??????? - ?????? - ????),Yes
Shrimp   (choice of Rice Majbous - Bukhari - Moutabaq - Mandi),Each,Meals,Item,65,0.01,?????? (?????? ????? ?? ??????? -  ??????? - ?????? - ????),Yes
Australian Lamb WHOLE (choice of Rice Majbous - Bukhari - Moutabak - Biryani - Mandi),Each,Trays,Item,1,0.01,???? ???? ??????? (?????? ????? ?? ??????? -  ??????? - ???? - ????),Yes
Australian Lamb HALF (choice of Rice Majbous - Bukhari - Moutabak - Biryani - Mandi),Each,Trays,Item,650,0.01,??? ???? ??????? (?????? ????? ?? ??????? -  ??????? - ???? - ????),Yes
Australian Lamb QUARTER (choice of Rice Majbous - Bukhari - Moutabak - Biryani - Mandi),Each,Trays,Item,350,0.01,??? ???? ??????? (?????? ????? ?? ??????? -  ??????? - ???? - ????),Yes
Arabic Lamb WHOLE (choice of Rice Majbous - Bukhari - Biryani - Mandi),Each,Trays,Item,1,0.02,???? ???? ???? (?????? ????? ?? ??????? -  ??????? - ???? - ????),Yes
Arabic Lamb HALF (choice of Rice Majbous - Bukhari - Moutabak - Biryani - Mandi),Each,Trays,Item,790,0.01,??? ???? ???? (?????? ????? ?? ??????? -  ??????? - ???? - ????),Yes
Arabic Lamb QUARTER (choice of Rice Majbous - Bukhari - Biryani - Mandi),Each,Trays,Item,400,0.01,??? ???? ???? (?????? ????? ?? ??????? -  ??????? - ???? - ????),Yes
Syrian Lamb WHOLE (choice of Rice Majbous - Bukhari - Moutabak - Biryani - Mandi),Each,Trays,Item,1,0.01,???? ???? ???? (?????? ????? ?? ??????? -  ??????? - ???? - ????),Yes
Syrian Lamb HALF (choice of Rice Majbous - Bukhari - Biryani - Mandi),Each,Trays,Item,975,0.01,??? ???? ???? (?????? ????? ?? ??????? -  ??????? - ???? - ????),Yes
Syrian Lamb QUARTER (choice of Rice Majbous - Bukhari - Moutabak - Biryani - Mandi),Each,Trays,Item,500,0.01,??? ???? ???? (?????? ????? ?? ??????? -  ??????? - ???? - ????),Yes
Rice Pudding,Each,Desserts,Item,12,0.01,?? ?????,Yes
Mouhallabiyah,Each,Desserts,Item,12,0.01,??????,Yes
Meghli with nuts,Each,Desserts,Item,12,0.01,???? ?????????,Yes
Biscuit Au Chocolate,Each,Desserts,Item,15,0.01,????? ???????????,Yes
Water,Each,Drinks,Item,4,0.01,???? ?????? (350??),Yes
Pepsi,Each,Drinks,Item,6,0.01,????? ,Yes
Diet Pepsi,Each,Drinks,Item,6,0.01,????? ????,Yes
Mirinda,Each,Drinks,Item,6,0.01,???????,Yes
7UP,Each,Drinks,Item,6,0.01,??? ?? ,Yes
Diet 7UP,Each,Drinks,Item,6,0.01, ??? ?? ????,Yes
Strawberry Mojito,Each,Drinks,Item,22,0.01,????? ?????????,Yes
Passion Fruit Mojito,Each,Drinks,Item,22,0.01,?????? ???????? ??????????,Yes
Classic Mojito,Each,Drinks,Item,22,0.01,?????? ??????,Yes
Lemonade,Each,Drinks,Item,15,0.01,????????,Yes
Minted Lemonade,Each,Drinks,Item,16,0.01,???????? ????????,Yes
Fresh orange Juice,Each,Drinks,Item,15,0.01,???? ??????,Yes
Fresh Apple Juice,Each,Drinks,Item,15,0.01,???? ????,Yes
Fresh Carrot Juice,Each,Drinks,Item,15,0.01,???? ???,Yes
